{
  "kyber": {
    "scheme": "kyber",
    "variant": "kyber768",
    "keygen_time": 0.0011199000000488013,
    "pk_size": 1184,
    "sk_size": 2400,
    "enc_times": [
      0.00014000000373926014,
      0.00012160000915173441,
      9.220000356435776e-05,
      0.00010019999172072858,
      8.759999764151871e-05,
      8.589999924879521e-05,
      8.569999772589654e-05,
      8.490000618621707e-05,
      8.509999315720052e-05,
      8.959999831859022e-05,
      8.510000770911574e-05,
      8.519999391864985e-05,
      8.480000542476773e-05,
      8.47000046633184e-05,
      8.499999239575118e-05,
      8.939999679569155e-05,
      8.579999848734587e-05,
      9.169999975711107e-05,
      0.00013250000483822078,
      0.00012669998977798969,
      9.280000813305378e-05,
      9.440000576432794e-05,
      0.00010639999527484179,
      8.6499989265576e-05,
      0.00017210000078193843,
      8.949999755714089e-05,
      8.620000153314322e-05,
      8.499999239575118e-05,
      8.47000046633184e-05,
      8.569999772589654e-05
    ],
    "dec_times": [
      5.440000677481294e-05,
      5.190000229049474e-05,
      4.980000085197389e-05,
      4.810000245925039e-05,
      4.949999856762588e-05,
      4.8699992476031184e-05,
      4.839999019168317e-05,
      4.7900000936351717e-05,
      4.810000245925039e-05,
      4.84000047435984e-05,
      4.809998790733516e-05,
      4.820000322069973e-05,
      4.850000550504774e-05,
      4.889999399892986e-05,
      4.959999932907522e-05,
      4.850000550504774e-05,
      4.780000017490238e-05,
      4.780000017490238e-05,
      5.40999899385497e-05,
      5.570000212173909e-05,
      4.8699992476031184e-05,
      0.00015049999637994915,
      4.839999019168317e-05,
      4.84000047435984e-05,
      5.3099996875971556e-05,
      4.7900000936351717e-05,
      4.7900000936351717e-05,
      4.7900000936351717e-05,
      4.780000017490238e-05,
      4.7900000936351717e-05
    ],
    "sym_enc_times": [
      0.0010792999964905903,
      1.0400006431154907e-05,
      5.099995178170502e-06,
      6.000002031214535e-06,
      4.699992132373154e-06,
      4.4000043999403715e-06,
      4.3000036384910345e-06,
      4.5000051613897085e-06,
      4.3000036384910345e-06,
      4.599991370923817e-06,
      4.3000036384910345e-06,
      4.6000059228390455e-06,
      4.399989848025143e-06,
      4.5000051613897085e-06,
      4.699992132373154e-06,
      4.999994416721165e-06,
      4.3000036384910345e-06,
      6.000002031214535e-06,
      1.9099999917671084e-05,
      8.000002708286047e-06,
      5.2000104915350676e-06,
      4.069998976774514e-05,
      6.50000583846122e-06,
      4.799992893822491e-06,
      1.3199998647905886e-05,
      4.5000051613897085e-06,
      4.9000082071870565e-06,
      4.5000051613897085e-06,
      4.49999060947448e-06,
      4.4000043999403715e-06
    ],
    "ct_sizes": [
      221,
      221,
      221,
      221,
      221,
      221,
      221,
      221,
      221,
      221,
      221,
      221,
      221,
      221,
      221,
      221,
      221,
      221,
      221,
      221,
      221,
      221,
      221,
      221,
      221,
      221,
      221,
      221,
      221,
      221
    ],
    "iterations": 30
  },
  "rsa": {
    "scheme": "rsa",
    "key_size": 2048,
    "rotate_keys": true,
    "avg_keygen_time": 0.761044913334384,
    "keygen_times": [
      0.5788834999984829,
      0.14557190000778064,
      2.106430600004387,
      0.43886409999686293,
      0.6665200999996159,
      0.35175049999088515,
      1.1017352000053506,
      0.8909371000045212,
      1.2031926000054227,
      0.2865148999990197,
      0.26868110000214074,
      0.3288661999977194,
      0.825544399995124,
      0.4643674999970244,
      0.8388821000116877,
      0.11181830000714399,
      1.2125011999887647,
      0.6217273000074783,
      1.0364117999997688,
      1.0775413999945158,
      1.663990000000922,
      1.318319199999678,
      0.31586660000903066,
      0.6105583000025945,
      1.115809499999159,
      0.13702360000752378,
      0.4767626999964705,
      0.6237359999940963,
      0.8462340999976732,
      1.1663056000106735
    ],
    "pk_sizes": [
      294,
      294,
      294,
      294,
      294,
      294,
      294,
      294,
      294,
      294,
      294,
      294,
      294,
      294,
      294,
      294,
      294,
      294,
      294,
      294,
      294,
      294,
      294,
      294,
      294,
      294,
      294,
      294,
      294,
      294
    ],
    "sk_sizes": [
      1192,
      1191,
      1190,
      1191,
      1190,
      1191,
      1191,
      1191,
      1191,
      1191,
      1192,
      1191,
      1190,
      1191,
      1192,
      1190,
      1191,
      1190,
      1192,
      1192,
      1190,
      1190,
      1193,
      1190,
      1192,
      1193,
      1190,
      1193,
      1192,
      1192
    ],
    "enc_times": [
      0.0006143000064184889,
      0.00048570000217296183,
      0.00047620000259485096,
      0.00044299999717622995,
      0.00043149999692104757,
      0.00046660000225529075,
      0.0005311999993864447,
      0.00046540000766981393,
      0.0004912000003969297,
      0.00044180000259075314,
      0.0004971000016666949,
      0.0004430999979376793,
      0.0004419000033522025,
      0.00046400001156143844,
      0.00043119999463669956,
      0.00047160001122392714,
      0.000490099992020987,
      0.0004749999934574589,
      0.0005182999884709716,
      0.0004850999976042658,
      0.0007805000059306622,
      0.0004709999921033159,
      0.00046969999675638974,
      0.0005061999981990084,
      0.0005324999947333708,
      0.0005109000048832968,
      0.00044970000453758985,
      0.00044519999937620014,
      0.0011166000040248036,
      0.0005082999996375293
    ],
    "dec_times": [
      0.0031313999934354797,
      0.0028168000135337934,
      0.0026042000099550933,
      0.002382999999099411,
      0.002404599988949485,
      0.0026519999955780804,
      0.002617399994051084,
      0.002426399994874373,
      0.0026551000046310946,
      0.002458999995724298,
      0.0027353999903425574,
      0.0029626999894389883,
      0.002566999988630414,
      0.00312839999969583,
      0.0024090000079013407,
      0.0026282999897375703,
      0.0026953000051435083,
      0.003628300008131191,
      0.0026498999941395596,
      0.0026160999987041578,
      0.0025114000018220395,
      0.002649199988809414,
      0.003053899999940768,
      0.0036213999992469326,
      0.0027162000042153522,
      0.0026493000041227788,
      0.002434699999867007,
      0.0023798000038368627,
      0.003444300004048273,
      0.002713099995162338
    ],
    "sym_enc_times": [
      3.4199998481199145e-05,
      3.340000694151968e-05,
      3.4900003811344504e-05,
      3.070000093430281e-05,
      3.300000389572233e-05,
      3.300000389572233e-05,
      3.200001083314419e-05,
      2.9399991035461426e-05,
      3.5899996873922646e-05,
      5.2799994591623545e-05,
      3.2800002372823656e-05,
      3.300000389572233e-05,
      3.650000144261867e-05,
      6.880000000819564e-05,
      4.600000102072954e-05,
      3.6900004488416016e-05,
      3.2100011594593525e-05,
      3.949999518226832e-05,
      4.129999433644116e-05,
      3.090000245720148e-05,
      3.3499993151053786e-05,
      3.5899996873922646e-05,
      3.359999391250312e-05,
      5.570000212173909e-05,
      3.819999983534217e-05,
      3.579999611247331e-05,
      3.1499992473982275e-05,
      3.330000618007034e-05,
      3.7300007534213364e-05,
      3.2099997042678297e-05
    ],
    "ct_sizes": [
      221,
      221,
      221,
      221,
      221,
      221,
      221,
      221,
      221,
      221,
      221,
      221,
      221,
      221,
      221,
      221,
      221,
      221,
      221,
      221,
      221,
      221,
      221,
      221,
      221,
      221,
      221,
      221,
      221,
      221
    ],
    "iterations": 30
  }
}